section,category,name,url,description,venue,venue_year,arxiv_date,venue_date,date_note
Papers,Composable and Layered Asset Generation,MRT,https://arxiv.org/abs/2605.27235,"Unifies text-to-layers, image-to-layers, and layer-to-layer editing in a 20B masked-region diffusion model for scalable RGBA asset generation (CVPR 2026).",CVPR,2026,2026-05-26,,arXiv v1
Papers,Composable and Layered Asset Generation,Qwen-Image-Layered,https://arxiv.org/abs/2512.15603,"Decomposes raster images into variable-length semantically separated RGBA layers for independently editable visual assets (CVPR 2026).",CVPR,2026,2025-12-17,,arXiv v1
Papers,Graphic Design Editing and Reconstruction,LayerD,https://arxiv.org/abs/2509.25134,"Decomposes raster graphic designs into editable layers through iterative foreground extraction and refinement (ICCV 2025).",ICCV,2025,2025-09-29,,arXiv v1
Papers,Composable and Layered Asset Generation,SAWNA,https://www.siggraph.org/wp-content/uploads/2025/08/Posters.html,"Preserves user-specified negative-space regions during text-to-image generation so downstream text and interface elements can be composed cleanly (SIGGRAPH 2025 Poster).",SIGGRAPH Poster,2025,,2025-08-08,official SIGGRAPH 2025 ACM publication date
Papers,Composable and Layered Asset Generation,PrismLayers,https://arxiv.org/abs/2505.22523,"Introduces PrismLayers and PrismLayersPro plus ART+ for high-quality multi-layer transparent image generation from text and layouts.",arXiv,2025,2025-05-28,,arXiv v1
Papers,Composable and Layered Asset Generation,ART,https://arxiv.org/abs/2502.18364,"Generates variable numbers of transparent image layers from a global prompt and anonymous region layout using an Anonymous Region Transformer (CVPR 2025).",CVPR,2025,2025-02-25,,arXiv v1
Papers,Composable and Layered Asset Generation,LayerFusion,https://arxiv.org/abs/2412.04460,"Generates harmonized foreground RGBA, background RGB, and composite images jointly using pretrained generative priors (CVPR Findings 2026).",CVPR Findings,2026,2024-12-05,,arXiv v1
Papers,Composable and Layered Asset Generation,TKG-DM,https://arxiv.org/abs/2411.15580,"Generates foreground content over a controllable chroma-key background without training, enabling clean foreground-background separation (CVPR 2025).",CVPR,2025,2024-11-23,,arXiv v1
Papers,Composable and Layered Asset Generation,LayerDiffuse,https://arxiv.org/abs/2402.17113,"Adds latent transparency to pretrained diffusion models for single- and multi-layer transparent image generation.",arXiv,2024,2024-02-27,,arXiv v1
Datasets,,PrismLayersPro,https://huggingface.co/datasets/artplus/PrismLayersPro,"Provides 20K human-filtered multi-layer transparent images with RGBA layers, captions, layouts, and style labels for layered-generation research.",arXiv,2025,2025-05-28,,associated PrismLayers arXiv v1
