type,name,url,note
Conference,CVPR,https://cvpr.thecvf.com/,"Computer vision; frequently publishes layout, poster, multimodal generation, and evaluation work."
Conference,ICCV,https://iccv.thecvf.com/,"Computer vision; relevant for layout generation, content-aware design, and structured visual generation."
Conference,ECCV,https://eccv.ecva.net/,"Computer vision; strong coverage of layout, editable design, slide design, and image-generation research."
Conference,ACM Multimedia,https://acmmm.hosting2.acm.org/,"Multimedia; recurring venue for layout generation, poster generation, typography, slide generation, and multimodal design systems."
Conference,CIKM,https://www.cikmconference.org/,Information and knowledge management; has published industrial poster-layout and content-aware design work.
Conference,NeurIPS,https://neurips.cc/,"Machine learning; relevant for generative modeling, multimodal agents, evaluation, and scientific-poster automation."
Conference,ICLR,https://iclr.cc/,"Machine learning; relevant for generative models, language-based layout generation, scientific-poster agents, and evaluation."
Conference,ICML,https://icml.cc/,Machine learning; relevant for generative modeling and controllable structured generation.
Conference,AAAI,https://aaai.org/conference/aaai/,Artificial intelligence; includes structured and controllable layout-generation research.
Conference,IJCAI,https://www.ijcai.org/,Artificial intelligence; includes content-aware advertising and poster-layout generation.
Conference,ACL,https://aclanthology.org/venues/acl/,Natural language processing; increasingly relevant to paper-to-poster and document-to-design agent systems.
Conference,CHI,https://chi.acm.org/,Human-computer interaction; relevant for interactive and human-centered graphic-design systems.
Conference,ICASSP,https://signalprocessingsociety.org/event-names/icassp,Signal processing and multimedia; annual IEEE Signal Processing Society flagship series that includes poster and text-layout generation work.
Conference,ICME,https://ieee-cas.org/media-bookdirectory/icme,Multimedia; recurring IEEE flagship series since 2000 and relevant for multimodal content generation and visual-design systems.
Conference,SIGGRAPH,https://www.siggraph.org/,Computer graphics and interactive techniques; important for content-aware design and visual composition.
Conference,SIGGRAPH Asia,https://asia.siggraph.org/,Computer graphics and interactive techniques; relevant for graphic-design generation and evaluation.
Conference,BMVC,https://www.bmva.org/bmvc,Computer vision; annual BMVA conference with an official proceedings archive and relevant scientific-poster/document-layout research.
Journal,ACM Transactions on Graphics,https://dl.acm.org/journal/tog,Graphics journal associated with SIGGRAPH research in visual synthesis and design.
Journal,IEEE Transactions on Visualization and Computer Graphics,https://www.computer.org/csdl/journal/tg,Visualization and graphics journal with foundational work on learned graphic layouts.
Journal,IEEE Transactions on Multimedia,https://signalprocessingsociety.org/publications-resources/ieee-transactions-multimedia,"Multimedia journal covering visual composition, poster layout, and multimodal generation."
Journal,Pattern Recognition,https://www.sciencedirect.com/journal/pattern-recognition,Pattern-recognition journal publishing scientific-poster and controllable poster-layout generation research.
Journal,The Visual Computer,https://link.springer.com/journal/371,Graphics and visual-computing journal with work on layout and graphic-design generation.
Journal,Information Fusion,https://www.sciencedirect.com/journal/information-fusion,Information-fusion journal including surveys and multimodal generative methods.
Conference,WACV,https://wacv.thecvf.com/,Computer vision; includes graphic-design evaluation and multimodal visual-generation work.
Conference,Pacific Graphics,https://asiagraphics.org/,"Annual flagship conference of the Asia Graphics Association; includes optimization, authoring, and graphic-layout research."
Workshop,Graphic Design Understanding and Generation (GDUG),https://sites.google.com/view/gdug-workshop,"Recurring dedicated graphic-design workshop; CVF proceedings verify editions at CVPR 2024 and ICCV 2025 spanning layout, typography, datasets, evaluation, and AI-assisted authoring."
Workshop,Human-Interactive Generation and Editing (HiGen),https://higen-2025.github.io/,"Recurring human-interactive generation/editing workshop; ICCV 2025 was the first edition and CVPR 2026 explicitly hosted the 2nd workshop, including multimodal control and sketch-guided design generation."
Workshop,AI for Content Creation (AI4CC),https://ai-for-content-creation.github.io/,"Recurring CVPR workshop series; the official archive lists annual editions from 2020 through 2025 and CVPR 2026 hosted another edition, covering art, design, documents, advertising, photography, video, and related media."
Workshop,"AI for Creative Visual Content Generation, Editing and Understanding (CVEU)",https://cveu.github.io/,"Long-running creative-visual-content workshop series with verified editions across ICCV, ECCV, CVPR, SIGGRAPH, and SIGGRAPH Asia; the official series site tracks the continuing edition history."
